#CODE;ENGLISH;FRENCH;GERMAN;;SPANISH;;;;;;;;;x
unl_one_1;Add 1 Year;;;;;;;;;;;;;x
unl_one_2;Add 1 Year;;;;;;;;;;;;;x
unl_one_3;Add 1 Year;;;;;;;;;;;;;x
unl_one_4;Add 1 Year;;;;;;;;;;;;;x
unl_one_5;Add 1 Year;;;;;;;;;;;;;x
unl_one_6;Add 1 Year;;;;;;;;;;;;;x
unl_one_7;Add 1 Year;;;;;;;;;;;;;x
unl_one_8;Add 1 Year;;;;;;;;;;;;;x
unl_one_9;Add 1 Year;;;;;;;;;;;;;x
unl_one_10;Add 1 Year;;;;;;;;;;;;;x
unl_five_1;Add 5 Years;;;;;;;;;;;;;x
unl_five_2;Add 5 Years;;;;;;;;;;;;;x
unl_five_3;Add 5 Years;;;;;;;;;;;;;x
unl_five_4;Add 5 Years;;;;;;;;;;;;;x
unl_five_5;Add 5 Years;;;;;;;;;;;;;x
unl_five_6;Add 5 Years;;;;;;;;;;;;;x
unl_five_7;Add 5 Years;;;;;;;;;;;;;x
unl_five_8;Add 5 Years;;;;;;;;;;;;;x
unl_five_9;Add 5 Years;;;;;;;;;;;;;x
unl_five_10;Add 5 Years;;;;;;;;;;;;;x
unl_ten_1;Add 10 Years;;;;;;;;;;;;;x
unl_ten_2;Add 10 Years;;;;;;;;;;;;;x
unl_ten_3;Add 10 Years;;;;;;;;;;;;;x
unl_ten_4;Add 10 Years;;;;;;;;;;;;;x
unl_ten_5;Add 10 Years;;;;;;;;;;;;;x
unl_ten_6;Add 10 Years;;;;;;;;;;;;;x
unl_ten_7;Add 10 Years;;;;;;;;;;;;;x
unl_ten_8;Add 10 Years;;;;;;;;;;;;;x
unl_ten_9;Add 10 Years;;;;;;;;;;;;;x
unl_ten_10;Add 10 Years;;;;;;;;;;;;;x
unl_minusone_1;Subtract 1 Year;;;;;;;;;;;;;x
unl_minusone_2;Subtract 1 Year;;;;;;;;;;;;;x
unl_minusone_3;Subtract 1 Year;;;;;;;;;;;;;x
unl_minusone_4;Subtract 1 Year;;;;;;;;;;;;;x
unl_minusone_5;Subtract 1 Year;;;;;;;;;;;;;x
unl_minusone_6;Subtract 1 Year;;;;;;;;;;;;;x
unl_minusone_7;Subtract 1 Year;;;;;;;;;;;;;x
unl_minusone_8;Subtract 1 Year;;;;;;;;;;;;;x
unl_minusone_9;Subtract 1 Year;;;;;;;;;;;;;x
unl_minusone_10;Subtract 1 Year;;;;;;;;;;;;;x
unl_minusone_5;Subtract 1 Year;;;;;;;;;;;;;x
unl_minusfive_1;Subtract 5 Years;;;;;;;;;;;;;x
unl_minusfive_2;Subtract 5 Years;;;;;;;;;;;;;x
unl_minusfive_3;Subtract 5 Years;;;;;;;;;;;;;x
unl_minusfive_4;Subtract 5 Years;;;;;;;;;;;;;x
unl_minusfive_5;Subtract 5 Years;;;;;;;;;;;;;x
unl_minusfive_6;Subtract 5 Years;;;;;;;;;;;;;x
unl_minusfive_7;Subtract 5 Years;;;;;;;;;;;;;x
unl_minusfive_8;Subtract 5 Years;;;;;;;;;;;;;x
unl_minusfive_9;Subtract 5 Years;;;;;;;;;;;;;x
unl_minusfive_10;Subtract 5 Years;;;;;;;;;;;;;x
unl_minusten_1;Subtract 10 Years;;;;;;;;;;;;;x
unl_minusten_2;Subtract 10 Years;;;;;;;;;;;;;x
unl_minusten_3;Subtract 10 Years;;;;;;;;;;;;;x
unl_minusten_4;Subtract 10 Years;;;;;;;;;;;;;x
unl_minusten_5;Subtract 10 Years;;;;;;;;;;;;;x
unl_minusten_6;Subtract 10 Years;;;;;;;;;;;;;x
unl_minusten_7;Subtract 10 Years;;;;;;;;;;;;;x
unl_minusten_8;Subtract 10 Years;;;;;;;;;;;;;x
unl_minusten_9;Subtract 10 Years;;;;;;;;;;;;;x
unl_minusten_10;Subtract 10 Years;;;;;;;;;;;;;x
unl_minusfifty_1;Subtract 50 Years;;;;;;;;;;;;;x
unl_minusfifty_2;Subtract 50 Years;;;;;;;;;;;;;x
unl_minusfifty_3;Subtract 50 Years;;;;;;;;;;;;;x
unl_minusfifty_4;Subtract 50 Years;;;;;;;;;;;;;x
unl_minushundred_1;Subtract 100 Years;;;;;;;;;;;;;x
unl_minushundred_2;Subtract 100 Years;;;;;;;;;;;;;x